{"context":{"loaders":[{"path":"C:\\Users\\김동욱\\meetings_1\\frontend\\node_modules\\babel-loader\\lib\\index.js","request":"C:\\Users\\김동욱\\meetings_1\\frontend\\node_modules\\babel-loader\\lib\\index.js"}],"external":{"env":"development","refresh":0}},"mtimes":{"C:\\Users\\김동욱\\meetings_1\\frontend\\src\\index.js":{"mtime":1553864405689,"compiledPath":"C:\\Users\\김동욱\\meetings_1\\frontend\\.happypack\\s-233535257","error":null},"C:\\Users\\김동욱\\meetings_1\\frontend\\src\\routes.js":{"mtime":1553864405693,"compiledPath":"C:\\Users\\김동욱\\meetings_1\\frontend\\.happypack\\s-991089632","error":null},"C:\\Users\\김동욱\\meetings_1\\frontend\\src\\store\\configure.js":{"mtime":1553864405711,"compiledPath":"C:\\Users\\김동욱\\meetings_1\\frontend\\.happypack\\s--1321217602","error":null},"C:\\Users\\김동욱\\meetings_1\\frontend\\src\\store\\middlewares.js":{"mtime":1553864405714,"compiledPath":"C:\\Users\\김동욱\\meetings_1\\frontend\\.happypack\\s--1649513817","error":null},"C:\\Users\\김동욱\\meetings_1\\frontend\\src\\store\\sagas.js":{"mtime":1553864405719,"compiledPath":"C:\\Users\\김동욱\\meetings_1\\frontend\\.happypack\\s-202268983","error":null},"C:\\Users\\김동욱\\meetings_1\\frontend\\src\\store\\reducer.js":{"mtime":1553864405717,"compiledPath":"C:\\Users\\김동욱\\meetings_1\\frontend\\.happypack\\s-2093745292","error":null},"C:\\Users\\김동욱\\meetings_1\\frontend\\src\\components\\App.js":{"mtime":1553935660540,"compiledPath":"C:\\Users\\김동욱\\meetings_1\\frontend\\.happypack\\s--427400678","error":null},"C:\\Users\\김동욱\\meetings_1\\frontend\\src\\components\\index.js":{"mtime":1553864405661,"compiledPath":"C:\\Users\\김동욱\\meetings_1\\frontend\\.happypack\\s-1258668965","error":null},"C:\\Users\\김동욱\\meetings_1\\frontend\\src\\components\\themes\\default.js":{"mtime":1553864405680,"compiledPath":"C:\\Users\\김동욱\\meetings_1\\frontend\\.happypack\\s--1390978879","error":null},"C:\\Users\\김동욱\\meetings_1\\frontend\\src\\components\\atoms\\Button\\index.js":{"mtime":1553935797586,"compiledPath":"C:\\Users\\김동욱\\meetings_1\\frontend\\.happypack\\s-97609119","error":null},"C:\\Users\\김동욱\\meetings_1\\frontend\\src\\components\\templates\\PageTemplate\\index.js":{"mtime":1553864405673,"compiledPath":"C:\\Users\\김동욱\\meetings_1\\frontend\\.happypack\\s-1272280049","error":null},"C:\\Users\\김동욱\\meetings_1\\frontend\\src\\containers\\index.js":{"mtime":1553864405686,"compiledPath":"C:\\Users\\김동욱\\meetings_1\\frontend\\.happypack\\s--1152420003","error":null},"C:\\Users\\김동욱\\meetings_1\\frontend\\src\\store\\actions.js":{"mtime":1553938742655,"compiledPath":"C:\\Users\\김동욱\\meetings_1\\frontend\\.happypack\\s-1416081797","error":null},"C:\\Users\\김동욱\\meetings_1\\frontend\\src\\services\\api\\index.js":{"mtime":1553864405697,"compiledPath":"C:\\Users\\김동욱\\meetings_1\\frontend\\.happypack\\s--1553838930","error":null},"C:\\Users\\김동욱\\meetings_1\\frontend\\src\\config.js":{"mtime":1553864405683,"compiledPath":"C:\\Users\\김동욱\\meetings_1\\frontend\\.happypack\\s--742641786","error":null},"C:\\Users\\김동욱\\meetings_1\\frontend\\src\\store\\meeting\\reducer.js":{"mtime":1553957990563,"compiledPath":"C:\\Users\\김동욱\\meetings_1\\frontend\\.happypack\\s-1904437010","error":null},"C:\\Users\\김동욱\\meetings_1\\frontend\\src\\store\\meeting\\selectors.js":{"mtime":1553956702279,"compiledPath":"C:\\Users\\김동욱\\meetings_1\\frontend\\.happypack\\s--537216389","error":null},"C:\\Users\\김동욱\\meetings_1\\frontend\\src\\store\\meeting\\actions.js":{"mtime":1553956060362,"compiledPath":"C:\\Users\\김동욱\\meetings_1\\frontend\\.happypack\\s-814841393","error":null},"C:\\Users\\김동욱\\meetings_1\\frontend\\src\\components\\pages\\HomePage\\index.js":{"mtime":1553949109425,"compiledPath":"C:\\Users\\김동욱\\meetings_1\\frontend\\.happypack\\s--1402933968","error":null},"C:\\Users\\김동욱\\meetings_1\\frontend\\src\\containers\\LoginOrganism.js":{"mtime":1553947380733,"compiledPath":"C:\\Users\\김동욱\\meetings_1\\frontend\\.happypack\\s-1851403889","error":null},"C:\\Users\\김동욱\\meetings_1\\frontend\\src\\store\\meeting\\sagas.js":{"mtime":1553956423681,"compiledPath":"C:\\Users\\김동욱\\meetings_1\\frontend\\.happypack\\s--1231045452","error":null},"C:\\Users\\김동욱\\meetings_1\\frontend\\src\\components\\atoms\\Meeting\\index.js":{"mtime":1553957873251,"compiledPath":"C:\\Users\\김동욱\\meetings_1\\frontend\\.happypack\\s--238624880","error":null},"C:\\Users\\김동욱\\meetings_1\\frontend\\src\\components\\organisms\\LoginOrganism\\index.js":{"mtime":1553958068158,"compiledPath":"C:\\Users\\김동욱\\meetings_1\\frontend\\.happypack\\s--341661775","error":null}}}